{
  "processors": [
    {
      "rules": [
        {
          "output_state": {
            "Name": "environmental:mud_bricks"
          },
          "input_predicate": {
            "block": "minecraft:grass_path",
            "probability": 0.6,
            "predicate_type": "minecraft:random_block_match"
          },
          "location_predicate": {
            "predicate_type": "minecraft:always_true"
          }
        },
        {
          "output_state": {
            "Name": "environmental:mud"
          },
          "input_predicate": {
            "block": "minecraft:grass_path",
            "probability": 0.05,
            "predicate_type": "minecraft:random_block_match"
          },
          "location_predicate": {
            "predicate_type": "minecraft:always_true"
          }
        },
        {
          "output_state": {
            "Name": "minecraft:coarse_dirt"
          },
          "input_predicate": {
            "block": "minecraft:grass_path",
            "probability": 0.1,
            "predicate_type": "minecraft:random_block_match"
          },
          "location_predicate": {
            "predicate_type": "minecraft:always_true"
          }
        },
        {
          "output_state": {
            "Properties": {
              "snowy": "false"
            },
            "Name": "minecraft:grass_block"
          },
          "input_predicate": {
            "block": "minecraft:grass_path",
            "probability": 0.2,
            "predicate_type": "minecraft:random_block_match"
          },
          "location_predicate": {
            "predicate_type": "minecraft:always_true"
          }
        },
        {
          "output_state": {
            "Name": "environmental:mud"
          },
          "input_predicate": {
            "block": "minecraft:grass_path",
            "probability": 0.9,
            "predicate_type": "minecraft:random_block_match"
          },
          "location_predicate": {
            "block": "minecraft:water",
            "predicate_type": "minecraft:block_match"
          }
        },
        {
          "output_state": {
            "Properties": {
              "level": "0"
            },
            "Name": "minecraft:water"
          },
          "input_predicate": {
            "block": "minecraft:grass_path",
            "predicate_type": "minecraft:block_match"
          },
          "location_predicate": {
            "block": "minecraft:water",
            "predicate_type": "minecraft:block_match"
          }
        },
        {
          "output_state": {
            "Properties": {
              "level": "0"
            },
            "Name": "minecraft:water"
          },
          "input_predicate": {
            "block": "minecraft:grass_block",
            "probability": 0.5,
            "predicate_type": "minecraft:random_block_match"
          },
          "location_predicate": {
            "block": "minecraft:water",
            "predicate_type": "minecraft:block_match"
          }
        },
        {
          "output_state": {
            "Name": "environmental:mud"
          },
          "input_predicate": {
            "block": "minecraft:grass_block",
            "probability": 0.1,
            "predicate_type": "minecraft:random_block_match"
          },
          "location_predicate": {
            "block": "minecraft:water",
            "predicate_type": "minecraft:block_match"
          }
        },
        {
          "output_state": {
            "Name": "environmental:mud_bricks"
          },
          "input_predicate": {
            "block": "minecraft:grass_block",
            "predicate_type": "minecraft:block_match"
          },
          "location_predicate": {
            "block": "minecraft:water",
            "predicate_type": "minecraft:block_match"
          }
        },
        {
          "output_state": {
            "Properties": {
              "level": "0"
            },
            "Name": "minecraft:water"
          },
          "input_predicate": {
            "block": "minecraft:dirt",
            "predicate_type": "minecraft:block_match"
          },
          "location_predicate": {
            "block": "minecraft:water",
            "predicate_type": "minecraft:block_match"
          }
        },
        {
          "output_state": {
            "Properties": {
              "snowy": "false"
            },
            "Name": "minecraft:grass_block"
          },
          "input_predicate": {
            "block": "minecraft:dirt",
            "probability": 0.95,
            "predicate_type": "minecraft:random_block_match"
          },
          "location_predicate": {
            "predicate_type": "minecraft:always_true"
          }
        },
        {
          "output_state": {
            "Name": "minecraft:coarse_dirt"
          },
          "input_predicate": {
            "block": "minecraft:dirt",
            "predicate_type": "minecraft:block_match"
          },
          "location_predicate": {
            "predicate_type": "minecraft:always_true"
          }
        }
      ],
      "processor_type": "minecraft:rule"
    }
  ]
}